id,title,description,source,bibliographicReference,date,location,lat,lng,metadata,drivePhotoUrl,driveArticlePhotoUrl,testimonial,videoUrl
1,Vías de la Estación San Isidro R,Vista de la Estación San Isidro R,Centro de Estudios Históricos Ferroviarios,Centro de Estudios Históricos Ferroviarios. Estación San Isidro R del Ramal del Bajo.,,Estación San Isidro R,-34.46521464207645,-58.50802841856657,,https://drive.google.com/file/d/1ry8D7AQ3Mm3gFqjbrn3SfhsAuJJjNaqL/view?usp=drive_link,,,
2,Estación Juan Anchorena,Vista de la Estación Juan Anchorena abandonada,Centro de Estudios Históricos Ferroviarios,Centro de Estudios Históricos Ferroviarios. Estación Juan Anchorena del Ramal del Bajo.,,Estación Juan Anchorena,-34.4890059448096,-58.481356399999996,,https://drive.google.com/file/d/1Xe3Fb7fwhCmouDMPUvJP7mM5fZ3GiMkl/view?usp=drive_link,,,
3,Refugio de Estación Juan Anchorena,Refugio de la Estación Juan Anchorena abandonada,Centro de Estudios Históricos Ferroviarios,Centro de Estudios Históricos Ferroviarios. Estación Juan Anchorena del Ramal del Bajo.,,Estación Juan Anchorena,-34.4890059448096,-58.481356399999996,,https://drive.google.com/file/d/1PpjqRLaid08hAGm4Zg7wO9JG4DJ8HNSj/view?usp=drive_link,,,
4,Estación Borges ,Vista de la Estación Borges,Edmundo Queirolo,Centro de Estudios Históricos Ferroviarios. Estación Borges del Ramal del Bajo.,,Estación Borges ,-34.5084202167598,-58.484655401368045,,https://drive.google.com/file/d/13qJdo9W3OeFAF669zNWFBkE2GcP50dQf/view?usp=drive_link,,,
5,Refugio de la Estación Borges,Refugio de la Estación Borges,Centro de Estudios Históricos Ferroviarios,Centro de Estudios Históricos Ferroviarios. Estación Borges del Ramal del Bajo.,,Estación Borges ,-34.5084202167598,-58.484655401368045,,https://drive.google.com/file/d/1QHA-u4ax2j5paZbFhsGHYJQMBNOLcO5a/view?usp=drive_link,,,
6,Puente peatonal de la Estación Borges,Puente peatonal de la Estación Borges,Centro de Estudios Históricos Ferroviarios,Centro de Estudios Históricos Ferroviarios. Estación Borges del Ramal del Bajo.,,Estación Borges ,-34.5084202167598,-58.484655401368045,,https://drive.google.com/file/d/1KuHedt_joCmw6CcBG3iJXkhBLywPRskD/view?usp=drive_link,,,
7,Vista desde la vá cerca de la Estación Juan Anchorena,Vista desde la vía cerca de la Estación Juan Anchorena,Roberto Clérici ,"Todo Trenes. (2010, 24 de enero). Del tren del Bajo al tren de la Costa. Todo Trenes, 71. https://revistatodotrenes.blogspot.com/2010/01/n71-del-tren-del-bajo-al-tren-de-la.html",1980,Vías cerca de la Estación Juan Anchorena,-34.48629416890407,-58.48142869536939,,https://drive.google.com/file/d/1K0a-xyh4DpdTNBMVaVwzzXTxAPNCfybf/view?usp=drive_link,,,
8,Estación Juan Anchorena,Vista de la Estación Juan Anchorena  ,Roberto Clérici,"Todo Trenes. (2010, 24 de enero). Del tren del Bajo al tren de la Costa. Todo Trenes, 71. https://revistatodotrenes.blogspot.com/2010/01/n71-del-tren-del-bajo-al-tren-de-la.html",1980,Estación Juan Anchorena,-34.4890059448096,-58.481356399999996,,https://drive.google.com/file/d/1UAActu7Pwfjex89ixtTRG34Ed22eJHXu/view?usp=drive_link,,,
9,Estación Las Barrancas,Vista de la Estación Las Barrancas,Roberto Clérici,"Todo Trenes. (2010, 24 de enero). Del tren del Bajo al tren de la Costa. Todo Trenes, 71. https://revistatodotrenes.blogspot.com/2010/01/n71-del-tren-del-bajo-al-tren-de-la.html",1980,Estación Las Barrancas,-34.4720952411609,-58.4934044743859,,https://drive.google.com/file/d/1EUR6zjnMicb78B04Y5lfDD5ogf3aNnw7/view?usp=drive_link,,,
10,Estación San Isidro R,Vista de la Estación San Isidro R,Roberto Clérici,"Todo Trenes. (2010, 24 de enero). Del tren del Bajo al tren de la Costa. Todo Trenes, 71. https://revistatodotrenes.blogspot.com/2010/01/n71-del-tren-del-bajo-al-tren-de-la.html",1965,Estación San Isidro R,-34.46521464207645,-58.50802841856657,,https://drive.google.com/file/d/1BI2NOrKPXJAE-pwJb1h98OrvcmPQbHCl/view?usp=drive_link,,,
11,Estación San Isidro R,Vista de la Estación San Isidro R desde la calle Juan Bautista de Lasalle.,Gustavo López,"Todo Trenes. (2010, 24 de enero). Del tren del Bajo al tren de la Costa. Todo Trenes, 71. https://revistatodotrenes.blogspot.com/2010/01/n71-del-tren-del-bajo-al-tren-de-la.html",1980,Estación San Isidro R,-34.46521464207645,-58.50802841856657,,https://drive.google.com/file/d/1iABiqreG2DPw2GYR7eD8ShvW5vxfEGIp/view?usp=drive_link,,,
12,Estación San Isidro R,Estación San Isidro R,Julio Pastine,"Todo Trenes. (2010, 24 de enero). Del tren del Bajo al tren de la Costa. Todo Trenes, 71. https://revistatodotrenes.blogspot.com/2010/01/n71-del-tren-del-bajo-al-tren-de-la.html",1986,Estación San Isidro R,-34.46521464207645,-58.50802841856657,,https://drive.google.com/file/d/1j0DtRJObj4wV8f8P1w2yxW7FXGSfnq1m/view?usp=drive_link,,,
13,Estación Punta Chica,Vista de la Estación Punta Chica.,Roberto Clérici,"Todo Trenes. (2010, 24 de enero). Del tren del Bajo al tren de la Costa. Todo Trenes, 71. https://revistatodotrenes.blogspot.com/2010/01/n71-del-tren-del-bajo-al-tren-de-la.html",1980,Estación Punta Chica,-34.45044121274954,-58.52400028973124,,https://drive.google.com/file/d/1_dQ-HcWd-o5WwVTEZFhtCxAH-qQTDudD/view?usp=drive_link,,,
14,Estación Punta Chica,Estación Punta Chica vista desde las vías.,Roberto Clérici,"Todo Trenes. (2010, 24 de enero). Del tren del Bajo al tren de la Costa. Todo Trenes, 71. https://revistatodotrenes.blogspot.com/2010/01/n71-del-tren-del-bajo-al-tren-de-la.html",1980,Estación Punta Chica,-34.45044121274954,-58.52400028973124,,https://drive.google.com/file/d/1EH6oObu_HXX9Gotac8tcnddbRs9X6ZFF/view?usp=drive_link,,,
15,Estación San Fernando R,Estación San Fernando R,Carlos Skerk,"Todo Trenes. (2010, 24 de enero). Del tren del Bajo al tren de la Costa. Todo Trenes, 71. https://revistatodotrenes.blogspot.com/2010/01/n71-del-tren-del-bajo-al-tren-de-la.html",1991,Estación San Fernando R,-34.43741700520192,-58.55404867438749,,https://drive.google.com/file/d/1k2Gmf9vLcxJdDdphFmkr3Y32FiUGDzxZ/view?usp=drive_link,,,
16,Estación Canal San Fernando,Estación Canal San Fernando,Roberto Clérici,"Todo Trenes. (2010, 24 de enero). Del tren del Bajo al tren de la Costa. Todo Trenes, 71. https://revistatodotrenes.blogspot.com/2010/01/n71-del-tren-del-bajo-al-tren-de-la.html",1991,Estación Canal San Fernando,-34.42993795863375, -58.56297745405667,,https://drive.google.com/file/d/1sHzduZSnSh_kHWL5M7LMGT28V9JxS3Tg/view?usp=drive_link,,,
17,Estación Canal San Fernando,Estación Canal San Fernando,Roberto Clérici,"Todo Trenes. (2010, 24 de enero). Del tren del Bajo al tren de la Costa. Todo Trenes, 71. https://revistatodotrenes.blogspot.com/2010/01/n71-del-tren-del-bajo-al-tren-de-la.html",1980,Estación Canal San Fernando,-34.42993795863375, -58.56297745405667,,https://drive.google.com/file/d/1_KTHBPUZjB4XOpBz8SRp-thiGioYA4Ad/view?usp=drive_link,,,
18,Estación Las Barrancas,Refugio de la Estación Las Barrancas,Andrew Graham Yool,"Andrew Graham-Yooll (1971). [Fotografías del Tren de la Costa]. Cod. Ref. AR UDESA-CEYA 2017/1-V-1, Colecciones Especiales y Archivos, Biblioteca Max von Buch, Universidad de San Andrés.",1971,Estación Las Barrancas,-34.4720952411609,-58.4934044743859,,https://drive.google.com/file/d/1zWgeH8ZD5bp70dDdRy7wunZHrALaQGDX/view?usp=drive_link,,,
19,Estación Borges,Estación Borges,Oscar Ming,Centro de Investigación Histórica de Vicente López. (1989).Archivo/Colección.,1989,Estación Borges,-34.5084202167598,-58.484655401368045,,https://drive.google.com/file/d/1mOAhY_zB834wRAD-Rj4cuB00ihcqZ4O5/view?usp=drive_link,,,
20,Estación Libertador,Vista desde el puente sobre las vías de la Estación Libertador.,Oscar Ming,Centro de Investigación Histórica de Vicente López. (1989).Archivo/Colección.,1989,Estación Libertador,-34.502145323840864,-58.48200811182873,,https://drive.google.com/file/d/1WTrSqPssnEw26G95WUuDH5AkxG6gIbip/view?usp=drive_link,,,
21,Vías cerca de la Estación Borges,Alfredo Olmos recorriendo las vías del tren frente a la Escuela Escocesa San Andrés cerca a la Estación Borges.,Centro de Investigación Histórica de Vicente López,Centro de Investigación Histórica de Vicente López. (1970).Archivo/Colección.,1970,Vías cerca de la Estación Borges,-34.50530339908243,-58.48302012288699,,https://drive.google.com/file/d/1-YoMeXnayJbw9bDZvLF5bE8LzFkoRB_O/view?usp=drive_link,,,
22,Vías cerca de la Estación Borges,Vías cerca de la Estación Borges,Centro de Investigación Histórica de Vicente López,Centro de Investigación Histórica de Vicente López. (1970).Archivo/Colección.,1970,Vías cerca de la Estación Borges,-34.50530339908243,-58.48302012288699,,https://drive.google.com/file/d/1qi4c44veD7G8rclzIUT2wIP4wMFZQlrS/view?usp=drive_link,,,
23,Vista a las vías cerca de la Estación Libertador,Vista a las vías cerca de la Estación Libertador,Miguel Angel Olmos,Centro de Investigación Histórica de Vicente López. (1970).Archivo/Colección.,1970,Estación Libertador,-34.502145323840864,-58.48200811182873,,https://drive.google.com/file/d/1iJV8Pb4vPGyZwChmrCxX1afkiOofSLfC/view?usp=drive_link,,,
24,Estación Borges,Dos chicos juntos en la Estación Borges,Kelly Haslet,Centro de Investigación Histórica de Vicente López. (1987).Archivo/Colección.,1987,Estación Borges,-34.5084202167598,-58.484655401368045,,https://drive.google.com/file/d/1vdipamXBGY3bt8hXUOmXB9Y801siA8A1/view?usp=drive_link,,,
25,Estación Juan Anchorena,Vista de la Estación Juan Anchorena y el puente peatonal.,Janet Forbes,Centro de Investigación Histórica de Vicente López. (1980).Archivo/Colección.,1980,Estación Juan Anchorena,-34.4890059448096,-58.481356399999996,,https://drive.google.com/file/d/1qJRNQ_pivGTfhqcsgV93_xnm3xEWlgzg/view?usp=drive_link,,,
26,Estación Juan Anchorena,Vista de la Estación Juan Anchorena. ,Janet Forbes,Centro de Investigación Histórica de Vicente López. (1980).Archivo/Colección.,1980,Estación Juan Anchorena,-34.4890059448096,-58.481356399999996,,https://drive.google.com/file/d/1L9-gao7O0fqbJ9hbBCgMTSYmCCtNfmMA/view?usp=drive_link,,,
27,Estación Borges,Estación Borges,Centro de Investigación Histórica de Vicente Lopez,Centro de Investigación Histórica de Vicente López. (1980).Archivo/Colección.,1980,Estación Borges,-34.5084202167598,-58.484655401368045,,https://drive.google.com/file/d/1xlztRZK5sps7_7_Tm45Iw0veN2AJot0F/view?usp=drive_link,,,
28,Estación Juan Anchorena,Vista de la Estación Juan Anchorena y el puente peatonal.,Centro de Investigación Histórica de Vicente Lopez,Centro de Investigación Histórica de Vicente López. (1980).Archivo/Colección.,1980,Estación Juan Anchorena,-34.4890059448096,-58.481356399999996,,https://drive.google.com/file/d/1JXph3GOZ9029crizz8NTMqNSvnXR8VhQ/view?usp=drive_link,,,
29,Vías cerca de la Estación Borges,Vista desde las vías cerca de la Estación Borges,Centro de Investigación Histórica de Vicente Lopez,Centro de Investigación Histórica de Vicente López. (1980).Archivo/Colección.,1980,Vías cerca de la Estación Borges,-34.50530339908243,-58.48302012288699,,https://drive.google.com/file/d/1jP_DzOXCzNd_t-UsQlbj9QLz_g1XyzsP/view?usp=drive_link,,,
30,Estación Punta Chica,,San Isidro Antiguo,San Isidro Antiguo. (2014). Facebook. https://www.facebook.com/antiguosanisidro/photos/pb.100067510536594.-2207520000/433527133455625/?type=3,1965,Estación San Isidro R,-34.46521464207645,-58.50802841856657,,https://drive.google.com/file/d/11B9DFbKiNi7HzClCv3V7MSHKStZtRYXN/view?usp=drive_link,,,
31,Estación San Isidro R,Estación San Isidro R ,San Isidro Antiguo,San Isidro Antiguo. (2014). Facebook. https://scontent.faep24-2.fna.fbcdn.net/v/t39.30808-6/495578667_3271610839647226_5708271043586647494_n.jpg?_nc_cat=109&ccb=1-7&_nc_sid=86c6b0&_nc_ohc=XdDFWj2TEigQ7kNvwEMkFRb&_nc_oc=Admygf6033YsE6LpKu_B6AXI0daeCoAULERLpjOUxvogtUTSMy49ZWLwrnHnjnnBSP8&_nc_zt=23&_nc_ht=scontent.faep24-2.fna&_nc_gid=FO6kN6oeYNg9ovo9w8i7rQ&oh=00_AfbgczSX6wGHc9fyFJhsF05CuejVpuv4J4iEmcqUcizODw&oe=68E05379,,Estación San Isidro R,-34.46521464207645,-58.50802841856657,,https://drive.google.com/file/d/1-XbwdEfcpMWTqpgMJ1WVRpIhikXfiTpF/view?usp=drive_link,,,
32,Estación Borges,Vista del puente peatonal de la Estación Borges,San Isidro Antiguo,Anónimo. (1980). Estacion borges abandonada. Wikimedia Commons.,1980,Estación Borges,-34.5084202167598,-58.484655401368045,,https://drive.google.com/file/d/1Wsm5u3dUjjmoqlvtZVoeVYBtX2_W_vjG/view?usp=drive_link,,,
33,Estación Borges,Estación Borges,Centro de Investigación Histórica de Vicente Lopez,Centro de Investigación Histórica de Vicente López. (1980).Archivo/Colección.,1980,Estación Borges,-34.5084202167598,-58.484655401368045,,https://drive.google.com/file/d/1KEuwIShVtNJgutmBWvGUjtrrAr5PMOFR/view?usp=drive_link,,,
34,Estación Juan Anchorena,Estación Juan Anchorena,Andrew Graham-Yool,"Andrew Graham-Yooll (1971). [Fotografías del Tren de la Costa]. Cod. Ref. AR UDESA-CEYA 2017/1-V-1, Colecciones Especiales y Archivos, Biblioteca Max von Buch, Universidad de San Andrés.",1971,Estación Juan Anchorena,-34.4890059448096,-58.481356399999996,,https://drive.google.com/file/d/1g8FdW_pT2F0OFiAY3bFmhxZlgGTT2DQH/view?usp=drive_link,,,
35,Refugio Estación Juan Anchorena ,Refugio Estación Juan Anchorena ,Andrew Graham-Yool,"Andrew Graham-Yooll (1971). [Fotografías del Tren de la Costa]. Cod. Ref. AR UDESA-CEYA 2017/1-V-1, Colecciones Especiales y Archivos, Biblioteca Max von Buch, Universidad de San Andrés.",1971,Estación Juan Anchorena,-34.4890059448096,-58.481356399999996,,https://drive.google.com/file/d/1A12fKWzzmM5bifeZMR_q7tAtkf8FnAFT/view?usp=drive_link,,,
36,Estación Juan Anchorena,Estación Juan Anchorena,Andrew Graham-Yool,"Andrew Graham-Yooll (1971). [Fotografías del Tren de la Costa]. Cod. Ref. AR UDESA-CEYA 2017/1-V-1, Colecciones Especiales y Archivos, Biblioteca Max von Buch, Universidad de San Andrés.",1971,Estación Juan Anchorena,-34.4890059448096,-58.481356399999996,,https://drive.google.com/file/d/1CYi5Pnyi7pGwBe_Plj_ty5Zg2iPXYrum/view?usp=drive_link,,,
37,Estación Juan Anchorena,Estación Juan Anchorena,Andrew Graham-Yool,"Andrew Graham-Yooll (1971). [Fotografías del Tren de la Costa]. Cod. Ref. AR UDESA-CEYA 2017/1-V-1, Colecciones Especiales y Archivos, Biblioteca Max von Buch, Universidad de San Andrés.",1971,Estación Juan Anchorena,-34.4890059448096,-58.481356399999996,,https://drive.google.com/file/d/1BtK9xpM5JAbiSglZiLPHT6t0-Y0WaEZV/view?usp=drive_link,,,
38,Estación Juan Anchorena,Estación Juan Anchorena,Andrew Graham-Yool,"Andrew Graham-Yooll (1971). [Fotografías del Tren de la Costa]. Cod. Ref. AR UDESA-CEYA 2017/1-V-1, Colecciones Especiales y Archivos, Biblioteca Max von Buch, Universidad de San Andrés.",1971,Estación Juan Anchorena,-34.4890059448096,-58.481356399999996,,https://drive.google.com/file/d/1YWy_biml20l_pBdVqRHjryRnvtRBSxR6/view?usp=drive_link,,,
39,Estación Juan Anchorena,Estación Juan Anchorena,Andrew Graham-Yool,"Andrew Graham-Yooll (1971). [Fotografías del Tren de la Costa]. Cod. Ref. AR UDESA-CEYA 2017/1-V-1, Colecciones Especiales y Archivos, Biblioteca Max von Buch, Universidad de San Andrés.",1971,Estación Juan Anchorena,-34.4890059448096,-58.481356399999996,,https://drive.google.com/file/d/1tNg9NkoMylyhx1IiVclYfLrKTEMVyART/view?usp=drive_link,,,
40,Estación Las Barrancas,Niña jugando en el puente peatonal de la Estación Las Barrancas,Andrew Graham-Yool,"Andrew Graham-Yooll (1971). [Fotografías del Tren de la Costa]. Cod. Ref. AR UDESA-CEYA 2017/1-V-1, Colecciones Especiales y Archivos, Biblioteca Max von Buch, Universidad de San Andrés.",1971,Estación Las Barrancas,-34.4720952411609,-58.4934044743859,,https://drive.google.com/file/d/1e8wNTQQWa-l0pv2uYTqtP41aE9n4650C/view?usp=drive_link,,,
41,Estación Las Barrancas,"Estación Las Barrancas abandonada, ropas colgando y cuervo enjaulado.",Andrew Graham-Yool,"Andrew Graham-Yooll (1971). [Fotografías del Tren de la Costa]. Cod. Ref. AR UDESA-CEYA 2017/1-V-1, Colecciones Especiales y Archivos, Biblioteca Max von Buch, Universidad de San Andrés.",1971,Estación Las Barrancas,-34.4720952411609,-58.4934044743859,,https://drive.google.com/file/d/1ePtYuOfGkO3LeLEZj8PxUcKILzO8o4HZ/view?usp=drive_link,,,
42,Estación Las Barrancas,Hombre mirando la vista sobre el puente abandonado de la Estación Las Barrancas,Andrew Graham-Yool,"Andrew Graham-Yooll (1971). [Fotografías del Tren de la Costa]. Cod. Ref. AR UDESA-CEYA 2017/1-V-1, Colecciones Especiales y Archivos, Biblioteca Max von Buch, Universidad de San Andrés.",1971,Estación Las Barrancas,-34.4720952411609,-58.4934044743859,,https://drive.google.com/file/d/1E20OTcapKLAm1zmDa-MvfGWjPIjw4NCu/view?usp=drive_link,,,
43,Estación Las Barrancas,Estación Las Barrancas,Andrew Graham-Yool,"Andrew Graham-Yooll (1971). [Fotografías del Tren de la Costa]. Cod. Ref. AR UDESA-CEYA 2017/1-V-1, Colecciones Especiales y Archivos, Biblioteca Max von Buch, Universidad de San Andrés.",1971,Estación Las Barrancas,-34.4720952411609,-58.4934044743859,,https://drive.google.com/file/d/1o9W31wVqub-Ztr_GGvY2BiwdfKwX5UTs/view?usp=drive_link,,,
44,Refugio Estación Juan Anchorena ,Refugio Estación Juan Anchorena ,Andrew Graham-Yool,"Andrew Graham-Yooll (1971). [Fotografías del Tren de la Costa]. Cod. Ref. AR UDESA-CEYA 2017/1-V-1, Colecciones Especiales y Archivos, Biblioteca Max von Buch, Universidad de San Andrés.",1971,Estación Juan Anchorena,-34.4890059448096,-58.481356399999996,,https://drive.google.com/file/d/14BjoDgoWjoDQo_awQLVkhtnpeRbkb5Il/view?usp=drive_link,,,
45,Refugio Estación Juan Anchorena ,Refugio Estación Juan Anchorena ,Andrew Graham-Yool,"Andrew Graham-Yooll (1971). [Fotografías del Tren de la Costa]. Cod. Ref. AR UDESA-CEYA 2017/1-V-1, Colecciones Especiales y Archivos, Biblioteca Max von Buch, Universidad de San Andrés.",1971,Estación Juan Anchorena,-34.4890059448096,-58.481356399999996,,https://drive.google.com/file/d/1P5Z5IZUqKzEQz3hSNFBxgFYzaw5RmIX9/view?usp=drive_link,,,
46,Estación Juan Anchorena,Fotografía tomada desde el puente peatonal de la Estación Juan Anchorena.,Andrew Graham-Yool,"Andrew Graham-Yooll (1971). [Fotografías del Tren de la Costa]. Cod. Ref. AR UDESA-CEYA 2017/1-V-1, Colecciones Especiales y Archivos, Biblioteca Max von Buch, Universidad de San Andrés.",1971,Estación Juan Anchorena,-34.4890059448096,-58.481356399999996,,https://drive.google.com/file/d/1MsmnbZaFfsa0d36_ZTTV5AdJkepjxNC5/view?usp=drive_link,,,
47,Estación Juan Anchorena,Refugio de la Estación Juan Anchorena.,Andrew Graham-Yool,"Andrew Graham-Yooll (1971). [Fotografías del Tren de la Costa]. Cod. Ref. AR UDESA-CEYA 2017/1-V-1, Colecciones Especiales y Archivos, Biblioteca Max von Buch, Universidad de San Andrés.",1971,Estación Juan Anchorena,-34.4890059448096,-58.481356399999996,,https://drive.google.com/file/d/1CK5-C4T3gyxbVRw2zAaAjrb-UJXJCH05/view?usp=drive_link,,,
48,Estación Juan Anchorena,"""Aquella Vieja estación del Bajo (Cuando le colocaraon un portón)."" Fotografía de la estación X abandonada con un portón para seguridad.","Museo, Biblioteca y Archivo Histórico Municipal de San Isidro ""Dr. Horacio Beccar Varela"". ","Museo, Biblioteca y Archivo Histórico Municipal de San Isidro ""Dr. Horacio Beccar Varela"". (1975). ""Aquella vieja estación del bajo"" ",1975,Estación Juan Anchorena,-34.4890059448096,-58.481356399999996,,https://drive.google.com/file/d/14p6gMDhfi0NDPbfekNTTOrptJ0rdp9GV/view?usp=drive_link,,,
49,Jóvenes amigas en la Estación Juan Anchorena después de clases.,Paseo de amigas por la Estación Juan Anchorena después de clases.,Carola Castro,"Castro, C. (1981). Con amigas en la Estación Juan Anchorena. Colección privada de Carola Castro.",1981,Estación Juan Anchorena,-34.4890059448096,-58.481356399999996,,https://drive.google.com/file/d/1UMDWF8tG1qV3kjSM6_R7W_pRykhusTvx/view?usp=drive_link,,,
50,Con amigas en el puente peatronal de la Estación Juan Anchorena,Paseo de amigas por la Estación Juan Anchorena después de clases.,Carola Castro,"Castro, C. (1981). Con amigas en la Estación Juan Anchorena. Colección privada de Carola Castro.",1981,Estación Juan Anchorena,-34.4890059448096,-58.481356399999996,,https://drive.google.com/file/d/1LhH2Yu8tyF0wGyIo-DIarW2zZE7RR7MR/view?usp=drive_link,,,
51,Jóvenes amigas en la Estación Juan Anchorena después de clases.,Paseo de amigas por el refugio de la Estación Juan Anchorena,Carola Castro,"Castro, C. (1981). Con amigas en la Estación Juan Anchorena. Colección privada de Carola Castro.",1981,Estación Juan Anchorena,-34.4890059448096,-58.481356399999996,,https://drive.google.com/file/d/1m1uYaoycaMi33HjDo7teE_o92AlHWfC3/view?usp=drive_link,,,
52,"Con amigas en la Vía Muerta, Estación Borges",Lily Roth y Analía Pescio en el puente peatonal de la Estación Borges,Lily Roth,"Roth, (1980). Con amigas en la Estación Borges. Colección privada de Roth. ",1980,Estación Borges,-34.5084202167598,-58.484655401368045,,https://drive.google.com/file/d/1YdUNJdvqhhDCK9a2w-PYXCmmsq2pJ0hA/view?usp=drive_link,,,
53,"Fragmento del artículo ""Adiós al Tren del Bajo"" de Victoria Ocampo en Costa Norte","""Adios al Tren del Bajo"" - Victoria Ocampo",Costa Norte (1962),"Ocampo, V. (1962). Adiós al Tren del Bajo. Costa Norte.  En Museo, Biblioteca y Archivo Histórico Municipal de San Isidro ""Dr. Horacio Beccar Varela"".",1962,Frente a Villa Ocampo,-34.457198497625576,-58.516914459964084,,,https://drive.google.com/file/d/1v7lwCQj0liBrV-3gY-NUSzy33s8mQe0p/view?usp=drive_link,,
54,"""Huya de la ciudad - Goce de la vida"" ",Afiche publicitario Ferrocarril Central Argentino,Ferrocarril Central Argentino,"Ferrocarril Central Argentino. Afiche publicitario Ferrocarril Central Argentino [Afiche]. Museo, Biblioteca y Archivo Histórico Municipal de San Isidro ""Dr. Horacio Beccar Varela"".",1963,Vías frente al Paseo El Águila,-34.47520363902014,-58.487674855501695,,,https://drive.google.com/file/d/1Pqqxolq9h9HT3ONlcKmmgXvMG-LdyoBI/view?usp=drive_link,,
55,"""El teatro de la estación marcha sobre rieles"". Costa Norte","""El teatro de la estación marcha sobre rieles"". Costa Norte, Noviembre de 1979.",Costa Norte,"El teatro de la estación marcha sobre rieles. (1979, noviembre). Costa Norte. En Museo, Biblioteca y Archivo Histórico Municipal de San Isidro ""Dr. Horacio Beccar Varela"".",09/11/1979,Estación San Isidro R ,-34.46521464207645,-58.50802841856657,,,https://drive.google.com/file/d/14TF_g1Wq9MPFUOMOvK9KcgibMBT5Xt37/view?usp=drive_link,,
56,"""Teatro de la estación sobre rieles"". Costa Norte","El teatro de la estación sobre rieles. (Noviembre, 1979). Costa Norte.",Costa Norte,"El teatro de la estación sobre rieles. (1979, noviembre). Costa Norte.En Museo, Biblioteca y Archivo Histórico Municipal de San Isidro ""Dr. Horacio Beccar Varela"".",11/01/1980,Estación San Isidro R ,-34.46521464207645,-58.50802841856657,,,https://drive.google.com/file/d/1HUTdYUWb29n_mowv1zntoZWw7ad0W2Aj/view?usp=drive_link,,
57,"""Vía libre para ""El teatro de la estación"""". Costa Norte","Vía libre para ""El teatro de la estación"". (1979, Diciembre). Costa Norte.",Costa Norte,"Vía libre para ""El teatro de la estación"". (1979, noviembre). Costa Norte. En Museo, Biblioteca y Archivo Histórico Municipal de San Isidro ""Dr. Horacio Beccar Varela"".",21/12/1979,Estación San Isidro R ,-34.46521464207645,-58.50802841856657,,,https://drive.google.com/file/d/1KO_FN6dYWdBbe-PWqpY96HGB5j6lNKrF/view?usp=drive_link,,
58,"""Teatros y café concert"". Costa Norte","Teatros y café concert. (1980, enero). Costa Norte.",Costa Norte,"Teatros y café concert. (1980, enero). Costa Norte. En Museo, Biblioteca y Archivo Histórico Municipal de San Isidro ""Dr. Horacio Beccar Varela"".",04/01/1980,Estación San Isidro R ,-34.46521464207645,-58.50802841856657,,,https://drive.google.com/file/d/1Y-sWVH3oos8hbmOECnardAGyvyncpAVk/view?usp=drive_link,,
59,"""Espectáculos para chicos"". Costa Norte.","Espectáculos para chicos. (1980, enero). Costa Norte.",Costa Norte,"Espectáculos para chicos. (1980, enero). Costa Norte. En Museo, Biblioteca y Archivo Histórico Municipal de San Isidro ""Dr. Horacio Beccar Varela"".",18/01/1980,Estación San Isidro R ,-34.46521464207645,-58.50802841856657,,,https://drive.google.com/file/d/1Y-sWVH3oos8hbmOECnardAGyvyncpAVk/view?usp=drive_link,,
60,Estación San Fernando R,Estación San Fernando R,Archivo Andrés Ficara. Colección Ariel Bernasconi,,,Estación San Fernando R,-34.43741700520192,-58.55404867438749,,https://drive.google.com/file/d/1cN7l5OXTSQjZavFXbuSXNcKeyvclqWrv/view?usp=drive_link,,,
61,Espectáctulos para chicos en el Teatro de la Estación. Costa Norte. 1980,"Espectáculos para chicos. (1980, enero). Costa Norte.",Costa Norte,"Espectáculos para chicos. (1980, febrero). Costa Norte. En Museo, Biblioteca y Archivo Histórico Municipal de San Isidro ""Dr. Horacio Beccar Varela"".",08/02/1980,Estación San Isidro R,-34.46521464207645,-58.50802841856657,,,https://drive.google.com/file/d/14Fd8oyEg3LttubZGjlzZkgAQtvrVIZVC/view?usp=drive_link,,
62,"Entrada con descuento para la función ""Los Mirasoles"" en el Teatro de la Estación. Costa Norte. ","Entrada con descuento para la función ""Los Mirasoles"" en el Teatro de la Estación. Costa Norte. ",Costa Norte,"Entrada para Los MIrasoles. (1980, enero). Costa Norte. En Museo, Biblioteca y Archivo Histórico Municipal de San Isidro ""Dr. Horacio Beccar Varela"".",08/02/1980,Estación San Isidro R,-34.46521464207645,-58.50802841856657,,,https://drive.google.com/file/d/1liOgw5zz28k7HzZk9BYH-8EbTxA831BT/view?usp=drive_link,,
63,Estación Juan Anchorena,Estación Juan Anchorena,Centro de Estudios Históricos Ferroviarios,Centro de Estudios Históricos Ferroviarios. Estación Juan Anchorena del Ramal del Bajo.,1992,Estación Juan Anchorena,-34.4890059448096,-58.481356399999996,,https://drive.google.com/file/d/1FpP36x23rKxnaeX1ssidtqRpy1kDGZX4/view?usp=drive_link,,,
64,Estación Juan Anchorena,Refugio abandonado Estación Juan Anchorena,Centro de Estudios Históricos Ferroviarios,Centro de Estudios Históricos Ferroviarios. Estación Juan Anchorena del Ramal del Bajo.,1992,Estación Juan Anchorena,-34.4890059448096,-58.481356399999996,,https://drive.google.com/file/d/1FEA9zG35leoZUr4kHQ-JbSal2GyOj4QI/view?usp=drive_link,,,
65,Estación Borges,Estación Borges,Centro de Estudios Históricos Ferroviarios,Centro de Estudios Históricos Ferroviarios. Estación Borges del Ramal del Bajo.,1992,Estación Borges,-34.5084202167598,-58.484655401368045,,https://drive.google.com/file/d/1qG4cpjUJ5EmmzKptmAC5PZi8qcvwf1nN/view?usp=drive_link,,,
66,Estación Juan Anchorena,Refugio abandonado Estación Juan Anchorena,Centro de Estudios Históricos Ferroviarios,Centro de Estudios Históricos Ferroviarios. Estación Juan Anchorena del Ramal del Bajo.,1992,Estación Juan Anchorena,-34.4890059448096,-58.481356399999996,,https://drive.google.com/file/d/1cJlT0h1ZrYmqJilL3gQL_EGDzwl0M8iY/view?usp=drive_link,,,
67,Estación Borges,Estación Borges ,Centro de Estudios Históricos Ferroviarios,Centro de Estudios Históricos Ferroviarios. Estación Borges del Ramal del Bajo.,1992,Estación Borges,-34.5084202167598,-58.484655401368045,,https://drive.google.com/file/d/16tCwADakrV4eQVarqNniwL3roluMsivO/view?usp=drive_link,,,
68,Estación Juan Anchorena,Refugio abandonado Estación Juan Anchorena,Centro de Estudios Históricos Ferroviarios,Centro de Estudios Históricos Ferroviarios. Estación Borges del Ramal del Bajo.,1992,Estación Juan Anchorena,-34.4890059448096,-58.481356399999996,,https://drive.google.com/file/d/12oiUHU-YEBRDDBhxY-37_0VlvOQYpCky/view?usp=drive_link,,,
69,Estación Borges,Estación Borges ,Centro de Estudios Históricos Ferroviarios,Centro de Estudios Históricos Ferroviarios. Estación Borges del Ramal del Bajo.,1992,Estación Borges,-34.5084202167598,-58.484655401368045,,https://drive.google.com/file/d/1hRIt2yy4jh8Ug0Aw16_wKKU3rPacRTeQ/view?usp=drive_link,,,
70,Estación Borges,Puente peatonal de la Estación Borges,Centro de Estudios Históricos Ferroviarios,Centro de Estudios Históricos Ferroviarios. Estación Borges del Ramal del Bajo.,1992,Estación Borges,-34.5084202167598,-58.484655401368045,,https://drive.google.com/file/d/1j7Mql1Uiceb1svd3YpZeqBZqo3KqLYST/view?usp=drive_link,,,
71,Estación Borges,Estación Borges ,Centro de Estudios Históricos Ferroviarios,Centro de Estudios Históricos Ferroviarios. Estación Borges del Ramal del Bajo.,1992,Estación Borges,-34.5084202167598,-58.484655401368045,,https://drive.google.com/file/d/1PrdDH4jTQXUOquSUERCAlq42pOQgUB5S/view?usp=drive_link,,,
72,Estación Borges,Estación Borges ,Centro de Estudios Históricos Ferroviarios,Centro de Estudios Históricos Ferroviarios. Estación Borges del Ramal del Bajo.,1992,Estación Borges,-34.5084202167598,-58.484655401368045,,https://drive.google.com/file/d/13vajtAsNEhnwuGgM3WaY3d9YNMAfGhuc/view?usp=drive_link,,,
73,Estación Borges,Estación Borges ,Centro de Estudios Históricos Ferroviarios,Centro de Estudios Históricos Ferroviarios. Estación Borges del Ramal del Bajo.,1992,Estación Borges,-34.5084202167598,-58.484655401368045,,https://drive.google.com/file/d/1RB_-wW6FRaUWwDQQH1yVKlfkQt4JRzkG/view?usp=drive_link,,,
74,Estación Borges,Vías cerca de la Estación Borges,Centro de Estudios Históricos Ferroviarios,Centro de Estudios Históricos Ferroviarios. Estación Borges del Ramal del Bajo.,16/08/1992,Vías cerca de la Estación Borges,-34.50530339908243,-58.48302012288699,,https://drive.google.com/file/d/1TF1-sjprX84tDUhjdJ6ltokKRh-OEh8C/view?usp=drive_link,,,
75,Estación San Fernando R,Estación San Fernando R,Centro de Estudios Históricos Ferroviarios,Centro de Estudios Históricos Ferroviarios. Estación San Fernando R del Ramal del Bajo.,16/08/1992,Estación San Fernando R,-34.43741700520192,-58.55404867438749,,https://drive.google.com/file/d/1A_ZX1ygj0r_Zupm2YM_kyWdPe36WygMp/view?usp=drive_link,,,
76,Estación Punta Chica,Vista desde las vías de la Estación Punta Chica,Centro de Estudios Históricos Ferroviarios,Centro de Estudios Históricos Ferroviarios. Estación Punta Chica del Ramal del Bajo.,16/08/1992,Estación Punta Chica,-34.45044121274954,-58.52400028973124,,https://drive.google.com/file/d/1t2X40SQH-Ksu254o9mVvE1mRt-tW1bSl/view?usp=drive_link,,,
77,Estación Las Barrancas,Estación Las Barrancas,Centro de Estudios Históricos Ferroviarios,Centro de Estudios Históricos Ferroviarios. Estación Las Barrancas del Ramal del Bajo.,16/08/1992,Estación Las Barrancas,-34.4720952411609,-58.4934044743859,,https://drive.google.com/file/d/1x0jHNxDQyQI42x9nkuXiJFnRaS7JORCX/view?usp=drive_link,,,
78,"""Cultura sobre rieles. San Fernando: La vieja estación del tren en manos de la comuna"". Costa Norte.","""Cultura sobre rieles. San Fernando: La vieja estación del tren en manos de la comuna"". ",Costa Norte,"Cultura sobre rieles. San Fernando: La vieja estación del tren en manos de la comuna.  (1982, mayo). Costa Norte. En Museo, Biblioteca y Archivo Histórico Municipal de San Isidro ""Dr. Horacio Beccar Varela"".",07/05/1982,Estación San Fernando R,-34.43741700520192,-58.55404867438749,,,https://drive.google.com/file/d/1kyvZvRXq8jRNZeYeEKjPWzrSAToPcVKk/view?usp=drive_link,,
79,"""¿El Retorno del Tren del Bajo? Ferrocarriles Argentinos desempolva un proyecto que fuera amasado por el ex gobernador bonaerense Oscar Bartolomé Gallino."". Costa Norte","""¿El Retorno del Tren del Bajo? Ferrocarriles Argentinos desempolva un proyecto que fuera amasado por el ex gobernador bonaerense Oscar Bartolomé Gallino."" (1982)",Costa Norte,"¿El retorno del Tren del Bajo?.  (1982, junio). Costa Norte. En Museo, Biblioteca y Archivo Histórico Municipal de San Isidro ""Dr. Horacio Beccar Varela"".",18/06/1982,Estación Delta,-34.41845741437171,-58.576649271163944,,,https://drive.google.com/file/d/14w-vkJCXB7fYJH8BnSZfWcJwTmHBMPph/view?usp=drive_link,,
80,"""Mateada en el Teatro de la Estación"". Costa Norte.","""Mateada en el Teatro de la Estación""",Costa Norte,"""Mateada en el teatro de la Estación"" (1982) Costa Norte. En Museo, Biblioteca y Archivo Histórico Municipal de San Isidro ""Dr. Horacio Beccar Varela"".",19/03/1982,Estación San Isidro R,-34.46521464207645,-58.50802841856657,,,https://drive.google.com/file/d/1lVj8Op6OQ021XPwsfuWFYS9YqTXCncs0/view?usp=drive_link,,
81,"Video oficial de ""Bye Bye (Dejame)"" en la Estación Las Barrancas","Video Musical Oficial de ""Bye Bye (Dejame)"" de Vilma Palma e vampiros en la Estación Las Barrancas",Youtube,Barca Discos. [@barcamusica]. (1991).Vilma Palma e Vampiros - Bye Bye (Dejame) Video Oficial.  YouTube. https://www.youtube.com/watch?v=1r-XsNYFhiU,1991,Estación Las Barrancas,-34.4720952411609,-58.4934044743859,,,,,https://www.youtube.com/watch?v=1r-XsNYFhiU
82,"Fragmento del Video Oficial de ""Ruedas de Metal"" de Riff en la Estación Borges","Fragmento del Video Oficial de ""Ruedas de Metal"" (1981) de Riff  en la Estación Borges",Youtube,Musica Total. [@augaki1]. (1981). Riff  - Ruedas de Metal.  Video Oficial.  YouTube. https://www.youtube.com/watch?v=_luf76mGmpM,1981,Estación Borges,-34.5084202167598,-58.484655401368045,,,,,https://www.youtube.com/watch?v=_luf76mGmpM
83,"Video Oficial de ""No detenga su motor"" de Riff en la Estación Borges","Video Oficial de ""No detenga su motor"" (1981) de Riff en la Estación Borges",Youtube,Naufragar. [@naufragar]. (1981). Riff  - No detenga su motor.  Video Oficial.  YouTube. https://www.youtube.com/watch?v=f2ZLVkTZG9E,1981,Estación Borges,-34.5084202167598,-58.484655401368045,,,,,https://www.youtube.com/watch?v=f2ZLVkTZG9E
84,"Fragmento de la película ""Operación Guante Verde"" de Alberto Abdala y Sergio Móttola en la Estación Juan Anchorena.","Fragmento de la película ""Operación Guante Verde"" de Alberto Abdala y Sergio Móttola en la Estación Juan Anchorena. Minuto: 00:10.54 a 00:13:05",Operación Guante Verde. Abdala y Mottola.,"Abdala, A., & Móttola, S. (1974). Operación guante verde. Printer Avance.",1974,Estación Juan Anchorena,-34.4890059448096,-58.481356399999996,,,,,https://drive.google.com/file/d/1BsPeKDisba0xInzft63MNCKnLZ8bxNqy/view?usp=drive_link
85,"Fragmento de la película ""Luces de mis zapatos"" de Luis Puenzo en la Estación X","Fragmento de la pelicula ""Luces de mis zapatos"" de Luis Puenzo (1973) 00:38.27 a 00:45:17",Luces de mis zapatos,"Puenzo, L. (1973) Luces de mis zapatos. A La Buena Película S.R.L. ",1973,Estación Juan Anchorena,-34.4890059448096,-58.481356399999996,,,,,https://drive.google.com/file/d/1TdpJDPaWAl0XLCsPbgwKR3zTH0Bpd1qS/view?usp=drive_link
86,"""Año nuevo Costa nueva"". Costa Norte","""Cinturón ecológico y su proyecto de modificación de la ribera de la Zona Norte.""","Costa Norte (1980) en Museo, Biblioteca y Archivo municipal del Dr. Horacio Beccar Varela","Año nuevo Costa Nueva. (1980, abril). Costa Norte. En Museo, Biblioteca y Archivo Histórico Municipal de San Isidro ""Dr. Horacio Beccar Varela"".",19/04/1980,Estación Canal San Fernando,-34.42993795863375, -58.56297745405667,,,https://drive.google.com/file/d/16BaJpo7T8X8q2NLzZaXQeQWlN7MrOxfE/view?usp=drive_link,,
87,"""Autopista Tigre - Buenos Aires"". Costa Norte","""En casi toda su extensión la ruta corre por lo que es actualmente el ramal clausurado del Ferrocarril Mitre. El tramo que arranca en la General Paz y llega a la Estación Borges serpentea la costa.""","Costa Norte (1980) en Museo, Biblioteca y Archivo municipal del Dr. Horacio Beccar Varela","Autopista Tigre-Buenos Aires (1980, abril). Costa Norte. En Museo, Biblioteca y Archivo Histórico Municipal de San Isidro ""Dr. Horacio Beccar Varela"".",25/04/1980,Estación Canal San Fernando,-34.42993795863375, -58.56297745405667,,,https://drive.google.com/file/d/1dhOiLkhJsMX6xuWbt52MOmrgxKve--5g/view?usp=drive_link,,
88,"""A la Zona Norte le quieren cambiar la cara"". Costa Norte.",Carta de la dirección de Costa Norte. ,"Costa Norte (1980) en Museo, Biblioteca y Archivo municipal del Dr. Horacio Beccar Varela","A la Zona Norte le quieren cambiar la cara. (1980, abril). Costa Norte. En Museo, Biblioteca y Archivo Histórico Municipal de San Isidro ""Dr. Horacio Beccar Varela"".",25/04/1980,Estación Canal San Fernando,-34.42993795863375, -58.56297745405667,,,https://drive.google.com/file/d/1-FhJc1O77ZKjw6-P6kVKwYLjYzb-yDoj/view?usp=drive_link,,
89,"""La autopista Tigre-Buenos Aires y sus ecos"". Costa Norte",Carta de la dirección de Costa Norte. ,"Costa Norte (1980) en Museo, Biblioteca y Archivo municipal del Dr. Horacio Beccar Varela","La autopista Tigre-Buenos Aires y sus ecos (1980, mayo). Costa Norte. En Museo, Biblioteca y Archivo Histórico Municipal de San Isidro ""Dr. Horacio Beccar Varela"".",02/05/1980,Estación Canal San Fernando,-34.42993795863375, -58.56297745405667,,,https://drive.google.com/file/d/1wrvxUxrjFxjctCQlESsmY91Sk1hDxZWd/view?usp=drive_link,,
90,Estación Juan Anchorena,"Fragmento del documental ""Historias de la Argentina secreta: El ramal olvidado del delta.""",AV-2382 Historias de la Argentina secreta. Capítulo: El ramal olvidado del Delta,"Borroni, O. y Vacca, R. (1989). AV-2382 Historias de la Argentina secreta: El ramal olvidado del Delta. Recuperado de YouTube: https://www.youtube.com/watch?v=sEAgOKOxDZo&t=350s",1989,Estación Juan Anchorena,-34.4890059448096,-58.481356399999996,,,,,https://drive.google.com/file/d/1_4GRhyYtc3KM7-oRbD4IG9X5e4Glu94Q/view?usp=drive_link
91,Estación Borges,"Fragmento del documental ""Historias de la Argentina secreta: El ramal olvidado del delta.""",AV-2382 Historias de la Argentina secreta. Capítulo: El ramal olvidado del Delta,"Borroni, O. y Vacca, R. (1989). AV-2382 Historias de la Argentina secreta: El ramal olvidado del Delta. Recuperado de YouTube: https://www.youtube.com/watch?v=sEAgOKOxDZo&t=350s",1989,Estación Borges,-34.5084202167598,-58.484655401368045,,,,,https://drive.google.com/file/d/1xEDv2P8DEqUlPg-3yRICyBfoWV_N_fEy/view?usp=drive_link
92,Estación Borges,"Fragmento del documental ""Historias de la Argentina secreta: El ramal olvidado del delta.""",AV-2382 Historias de la Argentina secreta. Capítulo: El ramal olvidado del Delta,"Borroni, O. y Vacca, R. (1989). AV-2382 Historias de la Argentina secreta: El ramal olvidado del Delta. Recuperado de YouTube: https://www.youtube.com/watch?v=sEAgOKOxDZo&t=350s",1989,Estación Borges,-34.5084202167598,-58.484655401368045,,,,,https://drive.google.com/file/d/1xGMpk6N5tk4sC8SCrbBYdTHYM2Le-uUt/view?usp=drive_link
93,Vías cerca de la Estación Borges,"Fragmento del documental ""Historias de la Argentina secreta: El ramal olvidado del delta.""",AV-2382 Historias de la Argentina secreta. Capítulo: El ramal olvidado del Delta,"Borroni, O. y Vacca, R. (1989). AV-2382 Historias de la Argentina secreta: El ramal olvidado del Delta. Recuperado de YouTube: https://www.youtube.com/watch?v=sEAgOKOxDZo&t=350s",1989,Vías cerca de la Estación Borges,-34.50530339908243,-58.48302012288699,,,,,https://drive.google.com/file/d/1SCvo4h6OXFFIDlBU_8oOWpV2u8dqP3Fu/view?usp=drive_link
94,Estación Delta,"Fragmento del documental ""Historias de la Argentina secreta: El ramal olvidado del delta.""",AV-2382 Historias de la Argentina secreta. Capítulo: El ramal olvidado del Delta,"Borroni, O. y Vacca, R. (1989). AV-2382 Historias de la Argentina secreta: El ramal olvidado del Delta. Recuperado de YouTube: https://www.youtube.com/watch?v=sEAgOKOxDZo&t=350s",1989,Estación Delta,-34.41845741437171,-58.576649271163944,,,,,https://drive.google.com/file/d/1whmMzoraIXl52Y9NjleuAbDEElxQ8fvR/view?usp=drive_link
95,Estación Delta,"Fragmento del documental ""Historias de la Argentina secreta: El ramal olvidado del delta.""",AV-2382 Historias de la Argentina secreta. Capítulo: El ramal olvidado del Delta,"Borroni, O. y Vacca, R. (1989). AV-2382 Historias de la Argentina secreta: El ramal olvidado del Delta. Recuperado de YouTube: https://www.youtube.com/watch?v=sEAgOKOxDZo&t=350s",1989,Estación Delta,-34.41845741437171,-58.576649271163944,,,,,https://drive.google.com/file/d/1rqS4LKFR_VjTtTEm4Ugy_en7-mXu0DS5/view?usp=drive_link
96,Estación Las Barrancas,"Fragmento del documental ""Historias de la Argentina secreta: El ramal olvidado del delta.""",AV-2382 Historias de la Argentina secreta. Capítulo: El ramal olvidado del Delta,"Borroni, O. y Vacca, R. (1989). AV-2382 Historias de la Argentina secreta: El ramal olvidado del Delta. Recuperado de YouTube: https://www.youtube.com/watch?v=sEAgOKOxDZo&t=350s",1989,Estación Las Barrancas,-34.4720952411609,-58.4934044743859,,,,,https://drive.google.com/file/d/1WKiqsKb7xVWASYlSe0Noh1TP6H1_MMO-/view?usp=drive_link
97,Estación Las Barrancas,"Fragmento del documental ""Historias de la Argentina secreta: El ramal olvidado del delta.""",AV-2382 Historias de la Argentina secreta. Capítulo: El ramal olvidado del Delta,"Borroni, O. y Vacca, R. (1989). AV-2382 Historias de la Argentina secreta: El ramal olvidado del Delta. Recuperado de YouTube: https://www.youtube.com/watch?v=sEAgOKOxDZo&t=350s",1989,Estación Las Barrancas,-34.4720952411609,-58.4934044743859,,,,,https://drive.google.com/file/d/1RKST2Jk2Vd-tGmVPwTwvdKOdvNZbWAY_/view?usp=drive_link
98,Estación Bartolomé Mitre,"Fragmento del documental ""Historias de la Argentina secreta: El ramal olvidado del delta.""",AV-2382 Historias de la Argentina secreta. Capítulo: El ramal olvidado del Delta,"Borroni, O. y Vacca, R. (1989). AV-2382 Historias de la Argentina secreta: El ramal olvidado del Delta. Recuperado de YouTube: https://www.youtube.com/watch?v=sEAgOKOxDZo&t=350s",1989,Estación Bartolomé Mitre ,-34.51494405344591,-58.489209639115906,,,,,https://drive.google.com/file/d/15d9H-j9WvEJrYNJ3NsZXKlcoZYfZpsk0/view?usp=drive_link
99,Estación San Fernando R,"Fragmento del documental ""Historias de la Argentina secreta: El ramal olvidado del delta.""",AV-2382 Historias de la Argentina secreta. Capítulo: El ramal olvidado del Delta,"Borroni, O. y Vacca, R. (1989). AV-2382 Historias de la Argentina secreta: El ramal olvidado del Delta. Recuperado de YouTube: https://www.youtube.com/watch?v=sEAgOKOxDZo&t=350s",1989,Estación San Fernando R,-34.43741700520192,-58.55404867438749,,,,,https://drive.google.com/file/d/1g9Qmg_LXIQxQH2KSTPsVS5O16szPoPMI/view?usp=drive_link
100,Estación San Fernando R,"Fragmento del documental ""Historias de la Argentina secreta: El ramal olvidado del delta.""",AV-2382 Historias de la Argentina secreta. Capítulo: El ramal olvidado del Delta,"Borroni, O. y Vacca, R. (1989). AV-2382 Historias de la Argentina secreta: El ramal olvidado del Delta. Recuperado de YouTube: https://www.youtube.com/watch?v=sEAgOKOxDZo&t=350s",1989,Estación San Fernando R,-34.43741700520192,-58.55404867438749,,,,,https://drive.google.com/file/d/1ttAJMlIulgeW3ppXO_TFl7fjnuObqwzB/view?usp=sharing
101,Estación San Fernando R,"Fragmento del documental ""Historias de la Argentina secreta: El ramal olvidado del delta.""",AV-2382 Historias de la Argentina secreta. Capítulo: El ramal olvidado del Delta,"Borroni, O. y Vacca, R. (1989). AV-2382 Historias de la Argentina secreta: El ramal olvidado del Delta. Recuperado de YouTube: https://www.youtube.com/watch?v=sEAgOKOxDZo&t=350s",1989,Estación San Fernando R,-34.43741700520192,-58.55404867438749,,,,,https://drive.google.com/file/d/1E5_X3YzD0zb6CFjWg6uLuePMfNywBaNI/view?usp=drive_link
102,Estación San Fernando R,"Fragmento del documental ""Historias de la Argentina secreta: El ramal olvidado del delta.""",AV-2382 Historias de la Argentina secreta. Capítulo: El ramal olvidado del Delta,"Borroni, O. y Vacca, R. (1989). AV-2382 Historias de la Argentina secreta: El ramal olvidado del Delta. Recuperado de YouTube: https://www.youtube.com/watch?v=sEAgOKOxDZo&t=350s",1989,Estación San Fernando R,-34.43741700520192,-58.55404867438749,,,,,https://drive.google.com/file/d/1xpB4iYsOTRwPJKTEjOWjiEJHVFKkor_N/view?usp=drive_link
103,Estación San Isidro R,"Fragmento del documental ""Historias de la Argentina secreta: El ramal olvidado del delta.""",AV-2382 Historias de la Argentina secreta. Capítulo: El ramal olvidado del Delta,"Borroni, O. y Vacca, R. (1989). AV-2382 Historias de la Argentina secreta: El ramal olvidado del Delta. Recuperado de YouTube: https://www.youtube.com/watch?v=sEAgOKOxDZo&t=350s",1989,Estación San Isidro R,-34.46521464207645,-58.50802841856657,,,,,https://drive.google.com/file/d/1CMVvne0j-llgLAMfywraJo0LmI5GCWpK/view?usp=drive_link
104,Estación San Isidro R,"Fragmento del documental ""Historias de la Argentina secreta: El ramal olvidado del delta.""",AV-2382 Historias de la Argentina secreta. Capítulo: El ramal olvidado del Delta,"Borroni, O. y Vacca, R. (1989). AV-2382 Historias de la Argentina secreta: El ramal olvidado del Delta. Recuperado de YouTube: https://www.youtube.com/watch?v=sEAgOKOxDZo&t=350s",1989,Estación San Isidro R,-34.46521464207645,-58.50802841856657,,,,,https://drive.google.com/file/d/1LcFIcuGDxHfEOzVTovX5u2pl6sYP8S09/view?usp=drive_link
105,Estación Bartolomé Mitre ,"Paso a nivel en Avenida Maipú, Estación Bartolomé Mitre. ",Wikipedia Commons. ,Av.Maipu barrera FCMitre.(1961). Wikipedia. https://es.wikipedia.org/wiki/Archivo:Av-maipu_barrera_fcmitre_1961.jpg,1961,Estación Bartolomé Mitre ,-34.51494405344591,-58.489209639115906,,https://drive.google.com/file/d/1OZBj_AQoabjoFiZcgkDcdCoRc0MpyO7n/view?usp=drive_link,,,
106,Estación Juan Anchorena,Estación Juan Anchorena habitada ,Fundación JORGE WADDELL falta citar bien ,Fundación JORGE WADDELL falta citar bien ,,Estación Juan Anchorena,-34.4890059448096,-58.481356399999996,,https://drive.google.com/file/d/1wpmEGHNizkeli3sbUZmKK49JNMYH9jJz/view?usp=drive_link,,,
107,Estación Juan Anchorena,Estación Juan Anchorena habitada ,Fundación JORGE WADDELL falta citar bien ,Fundación JORGE WADDELL falta citar bien ,,Estación Juan Anchorena,-34.4890059448096,-58.481356399999996,,https://drive.google.com/file/d/1b6x-RHRZ5R6eCmoARSeWn26mDnMI-NEt/view?usp=drive_link,,,
108,Estación Juan Anchorena,Estación Juan Anchorena habitada ,Fundación JORGE WADDELL falta citar bien ,Fundación JORGE WADDELL falta citar bien ,,Estación Juan Anchorena,-34.4890059448096,-58.481356399999996,,https://drive.google.com/file/d/1xCu06gc0HSWrJVDX_64SjGX1ccQ-evxN/view?usp=drive_link,,,
109,Estación Delta,Estación Delta en artículo de La Nación,Fundación JORGE WADDELL falta citar bien en La nación 26/7/1965,Fundación JORGE WADDELL falta citar bien ,26/7/1965,Estación Delta,-34.41845741437171,-58.576649271163944,,https://drive.google.com/file/d/1jJ2pJmTNDa1ddkFH1RGLGQIOiljnhoRb/view?usp=drive_link,,,
110,Estación San Isidro R,"""Instalaciones abandonadas que aún pueden prestar utilidad en otras estaciones ferroviarias""",Fundación JORGE WADDELL falta citar bien en La nación 26/7/1965,Fundación JORGE WADDELL falta citar bien ,25/3/1968,Estación San Isidro R,-34.46521464207645,-58.50802841856657,,https://drive.google.com/file/d/1tNZScyWkjRvU6oHdv0Ub_-SK3sSJ9m4L/view?usp=drive_link,,,
111,Estación Juan Anchorena,"Estación Juan Anchorena en fragmento del documental ""Inauguración Tren de la Costa 1994"" de Rolando Zurrel","""Inauguración Tren de la Costa 1994"" de Rolando Zurrel","Zurrel, R. (2014)  Inauguración Tren de la Costa 1994.  YouTube.  https://www.youtube.com/watch?v=9W2xla4LgFY&list=PLJiddtV2iVN76-cU3FZVOOxji3FdSdF6v&index=7",1980,Estación Juan Anchorena,-34.4890059448096,-58.481356399999996,,,,,https://drive.google.com/file/d/1PnVp5EdE7lPfKWXdQkm0pDMc89DzRGLs/view?usp=drive_link
112,Estación Juan Anchorena,"Estación Juan Anchorena en fragmento del documental ""Inauguración Tren de la Costa 1994"" de Rolando Zurrel","""Inauguración Tren de la Costa 1994"" de Rolando Zurrel","Zurrel, R. (2014)  Inauguración Tren de la Costa 1994.  YouTube.  https://www.youtube.com/watch?v=9W2xla4LgFY&list=PLJiddtV2iVN76-cU3FZVOOxji3FdSdF6v&index=7",1987,Estación Juan Anchorena,-34.4890059448096,-58.481356399999996,,,,,https://drive.google.com/file/d/1m6SlMGIUk5aIo2o46dEfFmmc-SCHj7x8/view?usp=drive_link
113,Estación Juan Anchorena,"Estación Juan Anchorena en fragmento del documental ""Inauguración Tren de la Costa 1994"" de Rolando Zurrel","""Inauguración Tren de la Costa 1994"" de Rolando Zurrel","Zurrel, R. (2014)  Inauguración Tren de la Costa 1994.  YouTube.  https://www.youtube.com/watch?v=9W2xla4LgFY&list=PLJiddtV2iVN76-cU3FZVOOxji3FdSdF6v&index=7",1994,Estación Juan Anchorena,-34.4890059448096,-58.481356399999996,,,,,https://drive.google.com/file/d/1sbJrudyZwrD09-u31208dDnHsMJmfBf1/view?usp=drive_link
114,Amigos paseando por las vías cerca de la Estación Anchorena. ,"Amigos paseando por las vías cerca de la Estación Anchorena en fragmento del documental ""Inauguración Tren de la Costa 1994"" de Rolando Zurrel","""Inauguración Tren de la Costa 1994"" de Rolando Zurrel","Zurrel, R. (2014)  Inauguración Tren de la Costa 1994.  YouTube.  https://www.youtube.com/watch?v=9W2xla4LgFY&list=PLJiddtV2iVN76-cU3FZVOOxji3FdSdF6v&index=7",1987,Vías cerca de la Estación Juan Anchorena,-34.48629416890407,-58.48142869536939,,,,,https://drive.google.com/file/d/127FLYuX4EyUMR2rK624Jex_JDwvHNq3q/view?usp=drive_link
115,Amigos jugando del otro lado del muro de la Estación Juan Anchorena ,"Del otro lado del muro de la Estación Anchorena en fragmento del documental ""Inauguración Tren de la Costa 1994"" de Rolando Zurrel","""Inauguración Tren de la Costa 1994"" de Rolando Zurrel","Zurrel, R. (2014)  Inauguración Tren de la Costa 1994.  YouTube.  https://www.youtube.com/watch?v=9W2xla4LgFY&list=PLJiddtV2iVN76-cU3FZVOOxji3FdSdF6v&index=7",1987,Estación Juan Anchorena,-34.4890059448096,-58.481356399999996,,,,,https://drive.google.com/file/d/1TVQrVWisGkd-YgMov3zYI7hzq1G6tQfM/view?usp=drive_link
116,Vías en frente a Paseo El Águila,"Vías en frente al Paseo El Águila en fragmento del documental ""Inauguración Tren de la Costa 1994"" de Rolando Zurrel","""Inauguración Tren de la Costa 1994"" de Rolando Zurrel","Zurrel, R. (2014)  Inauguración Tren de la Costa 1994.  YouTube.  https://www.youtube.com/watch?v=9W2xla4LgFY&list=PLJiddtV2iVN76-cU3FZVOOxji3FdSdF6v&index=7",1994,Vías frente al Paseo El Águila,-34.47520363902014,-58.487674855501695,,,,,https://drive.google.com/file/d/1ZsTcTAyAiAgGa-7IgPBcpzhiy5kCockq/view?usp=drive_link
117,Caminata por las Vías frente a el Paseo El Águila,"Caminata por las vías frente al Paseo El Águila en fragmento del documental ""Inauguración Tren de la Costa 1994"" de Rolando Zurrel","""Inauguración Tren de la Costa 1994"" de Rolando Zurrel","Zurrel, R. (2014)  Inauguración Tren de la Costa 1994.  YouTube.  https://www.youtube.com/watch?v=9W2xla4LgFY&list=PLJiddtV2iVN76-cU3FZVOOxji3FdSdF6v&index=7",1982,Vías frente al Paseo El Águila,-34.47520363902014,-58.487674855501695,,,,,https://drive.google.com/file/d/1GX7ke20ej8HjP1CU_9IaSsxi6xYtt-EJ/view?usp=drive_link
118,Estación Las Barrancas,"Estación Las Barrancas en fragmento del documental ""Inauguración Tren de la Costa 1994"" de Rolando Zurrel","""Inauguración Tren de la Costa 1994"" de Rolando Zurrel","Zurrel, R. (2014)  Inauguración Tren de la Costa 1994.  YouTube.  https://www.youtube.com/watch?v=9W2xla4LgFY&list=PLJiddtV2iVN76-cU3FZVOOxji3FdSdF6v&index=7",1993,Estación Las Barrancas,-34.4720952411609,-58.4934044743859,,,,,https://drive.google.com/file/d/1o2Sta_pVNDiz_hau0TKjm4VWTxoxg2CP/view?usp=drive_link
119,Estación Las Barrancas,"Construcción del Refugio de la Estación Las Barrancasdel Tren de la Costa en fragmento del documental ""Inauguración Tren de la Costa 1994"" de Rolando Zurrel","""Inauguración Tren de la Costa 1994"" de Rolando Zurrel","Zurrel, R. (2014)  Inauguración Tren de la Costa 1994.  YouTube.  https://www.youtube.com/watch?v=9W2xla4LgFY&list=PLJiddtV2iVN76-cU3FZVOOxji3FdSdF6v&index=7",1994,Estación Las Barrancas,-34.4720952411609,-58.4934044743859,,,,,https://drive.google.com/file/d/1iKlkdf0v2-8UYKs1sd7-9zf7M6XPuYyH/view?usp=drive_link
120,Estación Las Barrancas,"Construcción del Refugio de la Estación Las Barrancas del Tren de la Costa en fragmento del documental ""Inauguración Tren de la Costa 1994"" de Rolando Zurrel","""Inauguración Tren de la Costa 1994"" de Rolando Zurrel","Zurrel, R. (2014)  Inauguración Tren de la Costa 1994.  YouTube.  https://www.youtube.com/watch?v=9W2xla4LgFY&list=PLJiddtV2iVN76-cU3FZVOOxji3FdSdF6v&index=7",1994,Estación Las Barrancas,-34.4720952411609,-58.4934044743859,,,,,https://drive.google.com/file/d/1qICiOlDDfo2amY2H2PX4PgWX78CrgOnt/view?usp=drive_link
121,Estación Las Barrancas,"Obra en la Estación Las Barrancas en fragmento del documental ""Inauguración Tren de la Costa 1994"" de Rolando Zurrel","""Inauguración Tren de la Costa 1994"" de Rolando Zurrel","Zurrel, R. (2014)  Inauguración Tren de la Costa 1994.  YouTube.  https://www.youtube.com/watch?v=9W2xla4LgFY&list=PLJiddtV2iVN76-cU3FZVOOxji3FdSdF6v&index=7",1994,Estación Las Barrancas,-34.4720952411609,-58.4934044743859,,,,,https://drive.google.com/file/d/1Ps_6qVVk_Ese6CYGekSNPKSUn4k46jJe/view?usp=drive_link
122,Estación San Isidro R,"Estación San Isidro R en fragmento del documental ""Inauguración Tren de la Costa 1994"" de Rolando Zurrel","""Inauguración Tren de la Costa 1994"" de Rolando Zurrel","Zurrel, R. (2014)  Inauguración Tren de la Costa 1994.  YouTube.  https://www.youtube.com/watch?v=9W2xla4LgFY&list=PLJiddtV2iVN76-cU3FZVOOxji3FdSdF6v&index=7",1993,Estación San Isidro R,-34.46521464207645,-58.50802841856657,,,,,https://drive.google.com/file/d/1DY-ogWbR2-UwZahyoi87_T99HjXvL5YT/view?usp=drive_link
123,Estación San Fernando R,"Estación San Fernando R en fragmento del documental ""Inauguración Tren de la Costa 1994"" de Rolando Zurrel","""Inauguración Tren de la Costa 1994"" de Rolando Zurrel","Zurrel, R. (2014)  Inauguración Tren de la Costa 1994.  YouTube.  https://www.youtube.com/watch?v=9W2xla4LgFY&list=PLJiddtV2iVN76-cU3FZVOOxji3FdSdF6v&index=7",1992,Estación San Fernando R,-34.43741700520192,-58.55404867438749,,,,,https://drive.google.com/file/d/1ZEESBZcYHbwP6klxyyCnA6q_6MwQGV_g/view?usp=drive_link
124,Estación Juan Anchorena y alrededores,Estación Juan Anchorena y alrededores durante la construcción del Tren de la Costa en video de Guillermo Martins.,"""TDC visita a est. Anchorena,1994"" de Guille Martins","Martins, G. (2011) TDC visita est. Anchorena, 1994. Youtube. https://www.youtube.com/watch?v=6jyZC6_SxpY&list=PLJiddtV2iVN76-cU3FZVOOxji3FdSdF6v&index=7",1994,Estación Juan Anchorena,-34.4890059448096,-58.481356399999996,,,,,https://drive.google.com/file/d/1JqUJvz6xk3uGSqZGy1a-aZcI4KntPLEV/view?usp=drive_link
125,Estación Las Barrancas,Estación Las Barrancas y alrededores durante la construcción del Tren de la Costa en video de Guillermo Martins.,"""Las Barrancas, TDC 1994-3ª Parte"" de Guille Martines","Martins, G. (2011) Las Barrancas, TDC 1993-3ºa Parte. Youtube. https://www.youtube.com/watch?v=8a4bZ8e2jhM&list=PLJiddtV2iVN76-cU3FZVOOxji3FdSdF6v&index=7",1994,Estación Las Barrancas,-34.4720952411609,-58.4934044743859,,,,,https://drive.google.com/file/d/16trjv5PDUgh2J2FgdNGSiLzlTvkdMenv/view?usp=drive_link
126,Estación San Isidro R,Construcción de la Estación San Isidro R para el Tren de la Costa en video de Guillermo Martins,"""En San Isidro R"" de Guille Martins","Martins, G (2011). En San Isidro R. Youtube: https://www.youtube.com/watch?v=l2TVMfmuqNQ&list=PLJiddtV2iVN76-cU3FZVOOxji3FdSdF6v&index=10",1994,Estación San Isidro R,-34.46521464207645,-58.50802841856657,,,,,https://drive.google.com/file/d/1O-bVyTZwY6JZ5HBzlsUM32ECjBjZQ7cc/view?usp=drive_link
127,Vías cerca de la Estación Marina Nueva,Vías cerca de la Estación Marina Nueva video de Guillermo Martins,"""Marina Nueva TDC, 1994, Parte 4"" De Guille Martins","Martins, G (2011). Marina Nueva TDC 1994 Parte 4. Youtube: https://www.youtube.com/watch?v=h2bBBgIEv80&list=PLJiddtV2iVN76-cU3FZVOOxji3FdSdF6v&index=12",1994,Vías cerca de la Estación Marina Nueva,-34.44651217476434,-58.531388898551725,,,,,https://drive.google.com/file/d/1-H4hYH30LHhna73b4aq1rDI6DiuYqLqX/view?usp=drive_link
128,Estación Punta Chica ,Construcción de la Estación Punta Chica para el Tren de la Costa en video de Guillermo Martins,"""Punta Chica FCCA, parte 3 (1994)"" de Guille Martins","Martins, G (2011). Punta Chica FCCA, parte 3 (1994). Youtube: https://www.youtube.com/watch?v=1ZzUX03zj5s&list=PLJiddtV2iVN76-cU3FZVOOxji3FdSdF6v&index=13",1994,Estación Punta Chica,-34.45044121274954,-58.52400028973124,,,,,https://drive.google.com/file/d/1jYl96ZtQDpLYdUhWUq24_8apuy03oNFy/view?usp=drive_link
129,Estación Juan Anchorena,,Jorge Bayá Casal,,Circa 1975,Estación Juan Anchorena,-34.4890059448096,-58.481356399999996,,,,"""Siempre me fascinaron las quintas de la barranca. Desde fines de los 70 frecuentaba mucho la quinta de mis amigos en la Lucila, con barranca y vistas al río, y el misterio de ese tren que había dejado de pasar. Mi novia vivía en Acassuso y salíamos mucho a caminar. El trayecto  tenía siempre como objetivo llegar a la vía muerta. Toda esa zona estaba llena de misterio. Su relación con las barrancas, el fondo de las quintas y el río  hacía que fuera una experiencia  única e irrepetible. El lugar era  sin dudas un reservorio de memoria , un área de la ciudad que había quedado detenida en el tiempo y que esperaba una respuesta acorde a la singularidad del sitio.""",
130,Estación Juan Anchorena,,Jorge Bayá Casal,,Circa 1975,Estación Juan Anchorena,-34.4890059448096,-58.481356399999996,,,,"""Todo era silvestre.Plantas por todos lados.pájaros, cielo y río. La costa, al mismo tiempo abandonada y preservada... Era raro tener semejante  paisaje, con un potencial enorme donde la geografía, las vistas, el aire de río , las barrancas, las quintas estaban ahí y nadie lo aprovechaba.Las estaciones abandonadas no invitaban a acercarse mucho.""",
131,Cerca de la Reserva Ecológica San Isidro,"Recuerdo sobre el ""rescate del abandono"" y la fuerza contra la propuesta de la Autopista de la Rivera Norte",Lily Roth,,Circa 1980,Vías cerca de la Estación Juan Anchorena ,-34.49093654940068,-58.48114941252008,,,,"""A principios de los '80, fue Ernestina ""Pussy"" Perkins de Anchorena quien nos movilizó a limpiar la costa y armar lo que hoy es la Reserva. Es que buena parte del argumento para abandonar esa zona a su suerte, detrás de la frontera que hubiera marcado la ""Autopista de la Rivera Norte,"" el proyecto del Intendente Cacciatore que hubiera unido la Gral. Paz a Tigre a través del trazo costero de las vías del tren qa una altura de no menos de 6 metros, era que esa zona era apenas un basural. Así que trabajamos junto a las comunidades que vivían por ahí para que dejara de ser un basural. Creo que hoy le llamarían ""ponerlo en valor"". En realidad lo estabamos rescatando del abandono.""",
132,Estación San Isidro R,,Roberto,,1965,Estación San Isidro R,-34.46521464207645,-58.50802841856657,,,,"""Era cómo una selva. La vegetación de la zona había rodeado las vías.""",
133,Vías frente al Paseo El Águila,,Roberto,,1975,Vías frente al Paseo El Águila,-34.47520363902014,-58.487674855501695,,,,"""De abandono y era una zona muy verde con algunas bajadas como Pacheco, el Águila, Primera Junta. Allí solíamos ir de novios para tomar algo. No era muy recomendable ir fuera de esos lugares. """,
134,Estación San Isidro R,Teatro de la Estación,Roberto,,1980,Estación San Isidro R,-34.46521464207645,-58.50802841856657,,,,"""Los espacios públicos estaban abandonados salvo la estación San Isidro que recuerdo haber ido y allí funcionaba cómo lugar de espectáculos. Recuerdo que allí estuvieron Sabato y Falu haciendo Romance de la muerte ""del general Lavalle. ",
135,Estación Juan Anchorena,,Anónimo,,,Estación Juan Anchorena,-34.4890059448096,-58.481356399999996,,,,"""El trazado de las vías estaba totalmente abandonado y crecían las cañas y árboles ya casi sobre las vías mismas. Un abandono total. Había caminos que cruzaban las vías en muchos lugares. Seguramente de las personas que iban a pescar o vivían en el bajo.  Para nosotros un desafío recorrer los parajes y vivir una aventura. Recuerdo que casi siempre iba solo, todavía se podía.""",
136,Estación Juan Anchorena,,Mariano,,1969,Estación Juan Anchorena,-34.4890059448096,-58.481356399999996,,,,"""En mi caso todo ello constituyó zona de juegos y exploración""",
137,Estación Delta ,,Mariano,,,Estación Delta,-34.41845741437171,-58.576649271163944,,,,"""En Tigre era frecuente ver piezas de hierro a la venta en pseudo anticuarios.""",
138,Estación Las Barrancas,,Anónimo,,1973,Estación Las Barrancas,-34.4720952411609,-58.4934044743859,,,,"""Era un lugar agreste, cubierto de espesa vegetación, cuyo único camino transitable eran las viejas vías. En algunos lugares se podían observar, semicubiertas de maleza, las paredes bajas que acompañaban el sendero de las vías. En síntesis: un paisaje ideal para adolescentes en búsca de aventuras. """,
139,Estación San Isidro R,,Anónimo,,1980,Estación San Isidro R,-34.46521464207645,-58.50802841856657,,,,"""Un lugar lleno de historias y fantasías.""",
140,Estación San Isidro R,,Anónimo,,1980,Estación San Isidro R,-34.46521464207645,-58.50802841856657,,,,"""Más allá de como lo veíamos nosotros, como chicos que buscan diversión, para otros podrían disparar la imaginación a cualquier área. El lugar tenía cierta magia."" ",
141,Estación Juan Anchorena,,Anónimo,,1970,Estación Juan Anchorena,-34.4890059448096,-58.481356399999996,,,,"""Era un lugar romántico para caminar con un novio.""",
142,Estación Juan Anchorena,,Anónimo,,1975,Estación Juan Anchorena,-34.4890059448096,-58.481356399999996,,,,"""Se veían jóvenes caminando por allí disfrutando del paisaje pintoresco junto al río.""",
143,Estación Borges,,Sonia,,1975,Estación Borges ,-34.5084202167598,-58.484655401368045,,,,"""La calle rioja era cortada, no habia paso de nivel. Entonces nos juntábamos con otras chicas del barrio, era un punto de encuentro donde nos veíamos directamente todas ahi y patinábamos por las tardes.""",
144,Estación Borges,,Fernando,,,Estación Borges ,-34.5084202167598,-58.484655401368045,,,,"""Rústico, dejado, infancia, diversión""",
145,Estación Juan Anchorena,,Jorge Bayá Casal,,1978,Estación Juan Anchorena,-34.4890059448096,-58.481356399999996,,,,"""Toda esa zona estaba llena de misterio. Su relación con las barrancas, el fondo de las quintas y el río  hacía que fuera una experiencia  única e irrepetible. El lugar era  sin dudas un reservorio de memoria , un área de la ciudad que había quedado detenida en el tiempo y que esperaba una respuesta acorde a la singularidad del sitio.""",
146,Vías frente al Paseo El Águila,,Roberto ,,1970,Vías frente al Paseo El Águila,-34.47520363902014,-58.487674855501695,,,,"""Allí solíamos ir de novios para tomar algo. No era muy recomendable ir fuera de esos lugares. """,
147,Estación Juan Anchorena,,Anónimo,,,Estación Juan Anchorena,-34.4890059448096,-58.481356399999996,,,,"""El trazado de las vías estaba totalmente abandonado y crecían las cañas y árboles ya casi sobre las vías mismas.""",
148,Estación San Isidro R,,Anónimo,,,Estación San Isidro R,-34.46521464207645,-58.50802841856657,,,,"""Me gustaba mucho recorrer el camino desde treinta y tres Orientales a lo largo del arroyo Sarandí hasta el puerto y llegar hasta la escollera. """,
150,Estación Delta,,Mariano,,1980,Estación Delta,-34.41845741437171,-58.576649271163944,,,,"""En Tigre  era frecuente ver piezas de hierro a la venta en pseudo anticuarios.""",
151,Estación Juan Anchorena,,Luis,,1973/1987,Estación Juan Anchorena,-34.4890059448096,-58.481356399999996,,,,"""Era un ligar agreste, cubierto de espesa vegetación, cuyo único camino transitable eran las viejas vías. En algunos lugares se podían observar, semicubiertas de maleza, las paredes bajas que acompañaban el sendero de las vías. En síntesis: un paisaje ideal para adolescentes en búsca de aventuras.  """,
152,Estación Juan Anchorena,,Luis,,1973/1987,Estación Juan Anchorena,-34.4890059448096,-58.481356399999996,,,,"""Más allá de como lo veíamos nosotros, como chicos que buscan diversión, para otros podrían disparar la imaginación a cualquier área. El lugar tenía cierta magia. """,
153,Estación Borges,,Anónimo,,1963/1995,Estación Borges ,-34.5084202167598,-58.484655401368045,,,,"""Era parte del barrio. Yo vivía a una cuadra, con lo cual pasaba todos los días por las vias""",
154,Vías cerca de la Estación Borges,,Max,,1976/1987,Vías cerca de la Estación Borges,-34.50530339908243,-58.48302012288699,,,,"""Para mi siempre fue un espacio de misterio, de conexión con una historia desconocida y con lugares lejanos de la ciudad.""",
155,Vías cerca de la Estación Borges,,Max,,1976/1987,Vías cerca de la Estación Borges,-34.50530339908243,-58.48302012288699,,,,"""Me incitaba a querer recorrerlo, a descubrir algo nuevo, quizás encontrar un objeto de la época en que estaba en funcionamiento el ferrocarril.""",
156,Vías cerca de la Estación Borges,,Max,,1976/1988,Vías cerca de la Estación Borges,-34.50530339908243,-58.48302012288699,,,,"""Mi momento da mas interacción con el lugar fue mi niñez, por eso mi interacción tenía que ver con transgredir, con estar con mis amigos en un lugar 'prohibido' y 'cerrado'.""",
157,Vías cerca de la Estación Borges,,Max,,1976/1988,Vías cerca de la Estación Borges,-34.50530339908243,-58.48302012288699,,,,"""Hacíamos caminatas sobre las vías, sintiendo esa independencia que se va descubriendo de chico cuando se hacen cosas que nuestros padres ignoran.""",
158,Estación Juan Anchorena,,Carola Castro,,1980,Estación Juan Anchorena,-34.4890059448096,-58.481356399999996,,,,"""Cuando ya era más grande, recuerdo haber ido a la estación, creo, Anchorena y divertirnos con la transgresión de pasar por esos parajes que todos decían que eran peligrosos.""",
159,Estación Juan Anchorena,,Carola Castro,,1980,Estación Juan Anchorena,-34.4890059448096,-58.481356399999996,,,,"""Lo recuerdo abandonado, detenido en el tiempo y como si tuviera  vida propia a pesar de ya no funcionar el tren que le había dado propósito a su existencia.""",
160,Estación Borges,,Carola Castro,,1975,Estación Borges ,-34.5084202167598,-58.484655401368045,,,,"""Recuerdo que la estación Borges era parte inherente del paisaje urbano de ese rincón de Olivos, con su aire inglés al estilo de muchos de los habitantes del lugar. ",
161,Estación Las Barrancas,,Anónimo,,1988,Estación Las Barrancas,-34.4720952411609,-58.4934044743859,,,,"""Recuerdo la vía muerta y las inudaciones. Veníamos a andar en katak. Y cuabdo no llovía en moto """,
162,Estación Punta Chica,,Fernando,,1960/1977,Estación Punta Chica,-34.45044121274954,-58.52400028973124,,,,""" Con el pasto o yuyos más cortos, podíamos hacer nuestras ""exploraciones"". Había cuises y ratas en toda la extensión. Una curiosidad era  la cantidad de sorgo de alepo que crecía la costado de las vias.""",
163,Estación Punta Chica,,Fernando,,1960/1977,Estación Punta Chica,-34.45044121274954,-58.52400028973124,,,,"""La via muerta era un lugar de juego para mis amigos y para mí. Caminábamos horas por los durmintes y cierta vez recuerdo que nos corrieron unos chicos mayores que nosotros y tuvo que venir mi padre a defendernos.""",
164,Estación Punta Chica,,Fernando,,1960/1977,Estación Punta Chica,-34.45044121274954,-58.52400028973124,,,,"""Los perros callejeros formaban parte del paisaje, circulando con destreza sobre los durmientes.""",
165,Estación Punta Chica,,Fernando,,1960/1977,Estación Punta Chica,-34.45044121274954,-58.52400028973124,,,,"""Una imagen de inexplicable abandono que, por otra parte nos abría una ventana a la aventura a pasos de nuestros hogares.""",
166,"Vías cerca a la Estación Juan Anchorena frente a ""El Ceibo""",,Matías,,1965,"Vías cerca a la Estación Juan Anchorena frente a ""El Ceibo""",-34.494220972698244,-58.481045641008926,,,,"""Como paisaje totalmente natural con un barrio de emergencia sobre pilotes no en la estación sino al costado de la vía, hoy “El Ceibo” ,  que durante las sudestadas llegaba hasta la pared de la vía dando un escenario muy fuerte de la naturaleza que pegaba contra las paredes de la vía fuera de uso. Durante la sudestada la familia evacuaba sus pertenencias dejándolas sobre las vías muertas para evitar daños. Esta escena la recuerdo como una muy fuerte en mi memoria, imborrable.""",
167,"Vías cerca a la Estación Juan Anchorena frente a ""El Ceibo""",,Matías,,1965,"Vías cerca a la Estación Juan Anchorena frente a ""El Ceibo""",-34.494220972698244,-58.481045641008926,,,,"""Nos encontrábamos Ahi y caminábamos, jugábamos, cruzábamos el puente abandonado que cruzaba de un andén a otro.(...) Yo lo usaba como punto de encuentro con mis amigos, espacio de reunión cuando éramos adolescentes.(...)  Todo ese espacio estaba libre de reglas para nosotros, lo sentíamos nuestro como un espacio liberado.""",
168,"Vías cerca a la Estación Juan Anchorena frente a ""El Ceibo""",,Matías,,1965,"Vías cerca a la Estación Juan Anchorena frente a ""El Ceibo""",-34.494220972698244,-58.481045641008926,,,,"""Recuerdo buscar piezas que pertenecían a las vías, clavos de los durmientes y especialmente aisladores donde Iba apoyado el riel energizado. Esos aisladores que aun tengo en casa servían para apoyar la parrilla de los asados.""",
169,Estación Juan Anchorena,,Matías,,1965,Estación Juan Anchorena,-34.4890059448096,-58.481356399999996,,,,"""Tambien recuerdo ver desde las vías cuando había sudestada como pegaban las olas contra la pared. Era una imagen poderosa de la naturaleza y su fuerza contra un escenario abandonado y fantasmagórico porque no había urbanización.""",
170,Estación Juan Anchorena,,Ariel,,1985,Estación Juan Anchorena,-34.4890059448096,-58.481356399999996,,,,"""Era el típico camino de las rateadas de la secundaria, era por ahí, salir a caminar por la vía, como le decían la vía muerta y uno caminaba. Hemos caminado desde San Isidro hasta Olivos, obviamente todos yendo todo por la vía, un espectáculo era.""",
171,Vías cerca a la Estación Borges,,Guillermo,,1975,Vías cerca de la Estación Borges,-34.50530339908243,-58.48302012288699,,,,"""Para nosotros era una aventura, éramos chicos de 12 años, 10 años, que salíamos a hacer esa travesía desde Maipú hasta lo que es Anchorena, juntando en ese momento chapitas de gaseosa, porque juntábamos chapitas de gaseosa, cartillas de cigarrillo, y para nosotros era toda una aventura porque era una selva. Era... Una aventura soñada que lo hacíamos con mis primos, con mis amigos, y cada uno llevaba un parito para defenderse""",
172,Casilla de guardabarrera de la Estación Borges.,"Sobre la calle Ricardo Gutierrez, casilla de guardabarrera abandonado",Colección Ariel Bernasconi. ,,1970,Estación Borges ,-34.5084202167598,-58.484655401368045,,https://drive.google.com/file/d/17PLBoMraXfbsk3BQ125ymbZ6ju2Q_jv_/view?usp=drive_link,,,
173,Estación Punta Chica,Estación Punta Chica,Colección Ariel Bernasconi. ,,1981,Estación Punta Chica,-34.45044121274954,-58.52400028973124,,https://drive.google.com/file/d/1iUmgX9KgvCXe_j1EMuPlObDdK5KrBZgE/view?usp=drive_link,,,
174,Estación Canal San Fernando,Estación Canal San Fernando,Colección Ariel Bernasconi. ,,1982,Estación Canal San Fernando,-34.42993795863375, -58.56297745405667,,https://drive.google.com/file/d/1wEzFoCgLP_6O74B-Bwrc3BJVI1TDKXlo/view?usp=drive_link,,,
175,Estación Juan Anchorena,Vista del Murallon de la estación contra el Río de la Plata cerca de la Estación Juan Anchorena.,Colección Ariel Bernasconi. ,,1962,Estación Juan Anchorena,-34.4890059448096,-58.481356399999996,,https://drive.google.com/file/d/1Xx8yleK-pEeb3BGWIUj3k5Q6zXrOmucT/view?usp=drive_link,,,
176,Estación Delta ,,Colección Ariel Bernasconi. ,,1982,Estación Delta,-34.41845741437171,-58.576649271163944,,https://drive.google.com/file/d/1va4YlTVrw2BN4TvKHYqldzm-UDwi4Gvl/view?usp=drive_link,,,
177,Cabina de señales de la Estación Delta,Cabina de señales de la Estación Delta,Colección Ariel Bernasconi. ,,1985,Estación Delta,-34.41845741437171,-58.576649271163944,,https://drive.google.com/file/d/16SeDBeeDLRIlOb_cA_v_676M9JBtiGSa/view?usp=drive_link,,,
178,Estacion San Fernando R,,Colección Ariel Bernasconi. ,,1993,Estación San Fernando R,-34.43741700520192,-58.55404867438749,,https://drive.google.com/file/d/15BPV0k_OBF5CuFHcIfzAnWgwvS27EWNt/view?usp=drive_link,,,
179,"""Adiós al Tren del Bajo"" por Victoria Ocampo. Publicado en La Nación 1962. ",,Fundación Sur. ,,1962,Frente a Villa Ocampo,-34.457198497625576,-58.516914459964084,,,https://drive.google.com/file/d/1t0B2n9cJLb4mXAjdAm-luUC5vT20UMRN/view?usp=drive_link,,
180,Estación Punta Chica ,,Archivo Universidad de San Andrés,"Romanelli, C., & Zagarese, J. V. (2007). San Andrés : imágenes de una historia (1. ed.). Asociación Civil Club Ex Alumnos San Andrés.",1965,Estación Punta Chica ,-34.45044121274954,-58.52400028973124,,https://drive.google.com/file/d/13XlTySQ2jENpoIMtz9n7kgOkosSur7tP/view?usp=drive_link,,,
181,Estación Juan Anchorena,,Jorge Bayá Casal,,1975,Estación Juan Anchorena,-34.4890059448096,-58.481356399999996,,,,"""El lugar era  sin dudas un reservorio de memoria, un área de la ciudad que había quedado detenida en el tiempo y que esperaba una respuesta acorde a la singularidad del sitio.""",
182,Estación Juan Anchorena,,Jorge Bayá Casal,,1975,Estación Juan Anchorena,-34.4890059448096,-58.481356399999996,,,,"""Su relación con las barrancas, el fondo de las quintas y el río  hacía que fuera una experiencia  única e irrepetible.""",
183,"Vías cerca a la Estación Juan Anchorena frente a ""El Ceibo""",Donde después funcionó la reserva ecológica ,Jorge Bayá Casal,,1982,"Vías cerca a la Estación Juan Anchorena frente a ""El Ceibo""",-34.494220972698244,-58.481045641008926,,,,"""Creo que el empeño que puso Margarita Perkins de Anchorena en su defensa por el paisaje natural de la costa para evitar la construcción de una autopista costera en los años 80 hizo que yo despertara a valorar ese tesoro que teníamos al alcance de la mano y nadie  podía reconocer. """,
184,Estación Punta Chica,,Anónimo,,1963,Estación Punta Chica,-34.45044121274954,-58.52400028973124,,,,"""Era parte del barrio. Yo vivía a una cuadra, con lo cual pasaba todos los días por las vias""",
185,Estación Borges,,Sonia,,1980,Estación Borges,-34.5084202167598,-58.484655401368045,,,,"""Hubo una tragedia de un chico que iba al colegio en bicicleta, recuerdo que iba a primer grado. Vino el tren y lo piso. El tren pasaba cada tanto, era de carga. No le prestábamos tanta atención porque no era lo normal. Nunca lo vimos como un peligro. """,
186,Estación Juan Anchorena,,Anónimo,,1970,Estación Juan Anchorena,-34.4890059448096,-58.481356399999996,,,,"""Recuerdo la vegetación muy crecida y el peligro de caminar por los durmientes """,
187,Estación Libertador,Construcción del puente peatonal para el Tren de la Costa.,Municipalidad de Vicente Lopez,"Anónimo. (c. 1993). Avenida Maipú. Puente peatonal. Colección Gustavo Guido, Archivo histórico digital, Municipalidad de Vicente López. https://www.vicentelopez.gov.ar/archivohistorico/ficha/000002213-01/avenida-maipu-puente-peatonal",1993,Estación Libertador,-34.502145323840864,-58.48200811182873,,https://drive.google.com/file/d/1aeYqgbNB3Ux-_hpikPyvMP1l29wHCuAg/view?usp=drive_link,,,
188,Estación Borges,,Elvidio Edmundo Queirolo,"Queirolo, E. E. (1962). Estación Borges. Archivo histórico digital, Municipalidad de Vicente López. https://www.vicentelopez.gov.ar/archivohistorico/ficha/000002415-01/estacion-borges",1962,Estación Borges ,-34.5084202167598,-58.484655401368045,,https://drive.google.com/file/d/1-PHPR9jdK78eWZC5cb6T_iogcPXDzBBp/view?usp=drive_link,,,
189,A la memoria de Don José Porto,Poema de Juan Zapato,,"Zapato, J. (2010). A la memoria de Don José Porto. Revista Todotrenes. https://revistatodotrenes.blogspot.com/2010/01/n71-del-tren-del-bajo-al-tren-de-la.html",,Estación Punta Chica,-34.45044121274954,-58.52400028973124,,,,"""A la memoria de Don José Porto, 

El tren se olvidó de ti

y te convertiste en un fantasma. 

La gramilla creció y cubrió la plataforma. 

Y de los silencios perpetrados que te invaden

callan los ecos perdidos de adioses a la distancia. 

La sombra de unos pasos recorriendo tus andenes

hoy se han ido con el ayer o ¿cuando ha sido?

que partieran buscando otras moradas, 

Y las historias de tu gente retumbando 

en los agujeros, soledades y telarañas

que albergan tus paredes.

No he vuelvo, 

estoy de paso. 

El fin precipitado ante la mirada

buscando quién sabe qué, 

encontrando nada. 

Juan Zapato""",
190,Infancia en la Vía Muerta del Tren del Bajo,,Anónimo,,,Estación San Fernando R,-34.43741700520192,-58.55404867438749,,,,"""De chico jugaba en la vieja estación San Fernando del tren de la costa (frente al Club San Fernando). Mi infancia transcurrió en esas vías...""",
191,Pesca en el muelle,,Anónimo,,1991,Estación Juan Anchorena,-34.4890059448096,-58.481356399999996,,,,"""Frecuentaba mucho la estación Anchorena en el 91, iba a pescar al muelle, la naturaleza se había adueñado de todo, incluyendo las vías hasta su final, no te cruzabas con nadie, solo con algún pescador que andaba por el lugar.""",
192,Caminata y diversión,,Anónimo,,,Estación San Isidro R,-34.46521464207645,-58.50802841856657,,,,"""Como nos divertiamos con mis amigas ya finalizando el secundario, agarrabamos la via abandonada y le dabamos a la caminata ...hasta San Isidro....todo por la via y saltando durmientes""",
193,,,,,,,,,,,,,
194,,,,,,,,,,,,,
195,,,,,,,,,,,,,
196,,,,,,,,,,,,,